,FCR,Length,method,Thresholding_type
0,0.06988352745424298,1.7440930651704973,SCOP,T-test
1,0.026666666666666616,4.584633697328263,OCP,T-test
2,0.008333333333333304,8.647261543619205,ACP,T-test
3,0.07237813884785815,1.750038489216631,SCOP,T-cal
4,0.025147928994082802,4.584633697328263,OCP,T-cal
5,0.010355029585798814,8.199312418095458,ACP,T-cal
6,0.10581222056631889,1.9913689893529491,SCOP,T-pos
7,0.046979865771812124,4.584633697328263,OCP,T-pos
8,0.031319910514541416,5.616305182259164,ACP,T-pos
9,0.08985024958402665,0.7555108572313746,SCOP,T-test
10,0.018333333333333313,4.6660741115242566,OCP,T-test
11,0.0050000000000000044,9.080472139962875,ACP,T-test
12,0.05699481865284972,1.163492789452356,SCOP,T-cal
13,0.015625,4.6660741115242566,OCP,T-cal
14,0.00520833333333337,13.23031404505939,ACP,T-cal
15,0.1011699931176876,2.211757039278703,SCOP,T-pos
16,0.045454545454545414,4.6660741115242566,OCP,T-pos
17,0.030303030303030276,5.5054348643568884,ACP,T-pos
18,0.10482529118136441,0.6107561703896596,SCOP,T-test
19,0.02833333333333332,4.267144667534188,OCP,T-test
20,0.018333333333333313,7.552065917612767,ACP,T-test
21,0.11335012594458438,0.6095328153315666,SCOP,T-cal
22,0.007575757575757569,4.267144667534188,OCP,T-cal
23,0.002525252525252486,9.324539474973363,ACP,T-cal
24,0.11026352288488206,1.7950008380517815,SCOP,T-pos
25,0.059680777238029115,4.267144667534188,OCP,T-pos
26,0.04371963913948651,5.395741002777668,ACP,T-pos
27,0.09484193011647257,0.6423833228002211,SCOP,T-test
28,0.011666666666666714,4.54662269929529,OCP,T-test
29,0.0050000000000000044,8.60426883484083,ACP,T-test
30,0.07999999999999996,0.7257300209647833,SCOP,T-cal
31,0.011494252873563204,4.54662269929529,OCP,T-cal
32,0.0,12.28119556983291,ACP,T-cal
33,0.078125,0.6184359847593948,SCOP,T-pos
34,0.012173913043478257,4.54662269929529,OCP,T-pos
35,0.00521739130434784,8.723605104641987,ACP,T-pos
36,0.09151414309484196,0.8193903612028102,SCOP,T-test
37,0.018333333333333313,4.25749622667326,OCP,T-test
38,0.0033333333333332993,8.836926272999495,ACP,T-test
39,0.09284627092846276,0.8435589832175987,SCOP,T-cal
40,0.024390243902439046,4.25749622667326,OCP,T-cal
41,0.004573170731707266,8.398076506796723,ACP,T-cal
42,0.0892364305427783,1.1068377755496577,SCOP,T-pos
43,0.0423572744014733,4.25749622667326,OCP,T-pos
44,0.02117863720073665,6.311210752328017,ACP,T-pos
45,0.1014975041597338,0.6960629059075302,SCOP,T-test
46,0.021666666666666612,4.376128262576436,OCP,T-test
47,0.013333333333333308,7.957829599203171,ACP,T-test
48,0.10136986301369866,0.7358069650735989,SCOP,T-cal
49,0.016483516483516536,4.376128262576436,OCP,T-cal
50,0.008241758241758212,9.784622233521084,ACP,T-cal
51,0.0912190963341859,1.271603821141465,SCOP,T-pos
52,0.03754266211604096,4.376128262576436,OCP,T-pos
53,0.024744027303754246,5.76175124369829,ACP,T-pos
54,0.09983361064891849,0.917651923238072,SCOP,T-test
55,0.026666666666666616,4.6526538657422964,OCP,T-test
56,0.015000000000000013,7.957105872538714,ACP,T-test
57,0.12096774193548387,1.0504870680197957,SCOP,T-cal
58,0.02429149797570851,4.6526538657422964,OCP,T-cal
59,0.012145748987854255,11.013808699203379,ACP,T-cal
60,0.09999999999999998,0.9188752866203498,SCOP,T-pos
61,0.026272577996715896,4.6526538657422964,OCP,T-pos
62,0.014778325123152691,7.9460348899338,ACP,T-pos
63,0.13311148086522462,0.7466149305978103,SCOP,T-test
64,0.018333333333333313,4.627191478510473,OCP,T-test
65,0.00666666666666671,8.017079748860008,ACP,T-test
66,0.13178294573643412,0.92029567276535,SCOP,T-cal
67,0.0077821011673151474,4.627191478510473,OCP,T-cal
68,0.0038910505836575737,11.49172697923034,ACP,T-cal
69,0.10495049504950493,1.403083428711662,SCOP,T-pos
70,0.030723488602576787,4.627191478510473,OCP,T-pos
71,0.01783944499504464,5.899512460871316,ACP,T-pos
72,0.09816971713810319,0.8409069980607011,SCOP,T-test
73,0.023333333333333317,4.302256883101092,OCP,T-test
74,0.013333333333333308,7.5420103599219,ACP,T-test
75,0.05128205128205132,0.5938693205969348,SCOP,T-cal
76,0.012987012987012991,4.302256883101092,OCP,T-cal
77,0.0,14.439250240669987,ACP,T-cal
78,0.0928355196770938,1.4976214814048736,SCOP,T-pos
79,0.036363636363636376,4.302256883101092,OCP,T-pos
80,0.021212121212121238,5.963393570704145,ACP,T-pos
81,0.11314475873544094,0.7538998593021109,SCOP,T-test
82,0.01666666666666672,4.485095336647956,OCP,T-test
83,0.0033333333333332993,8.588409674464408,ACP,T-test
84,0.11455108359133126,0.8453086292785192,SCOP,T-cal
85,0.0031055900621117516,4.485095336647956,OCP,T-cal
86,0.0,11.385491237890573,ACP,T-cal
87,0.10423452768729646,3.9700256263106803,SCOP,T-pos
88,0.07495926127104835,4.485095336647956,OCP,T-pos
89,0.06192286800651825,4.760499894330296,ACP,T-pos
90,0.07820299500831951,1.5746642903247314,SCOP,T-test
91,0.018333333333333313,5.00638166755388,OCP,T-test
92,0.010000000000000009,8.553525455352307,ACP,T-test
93,0.08366533864541836,1.5846127421391185,SCOP,T-cal
94,0.019960079840319334,5.00638166755388,OCP,T-cal
95,0.009980039920159722,9.167180489025455,ACP,T-cal
96,0.09166173861620341,3.363831951686971,SCOP,T-pos
97,0.046745562130177554,5.00638166755388,OCP,T-pos
98,0.03905325443786978,5.426168482711412,ACP,T-pos
99,0.1314475873544093,0.5654971047198581,SCOP,T-test
100,0.018333333333333313,4.411844762618582,OCP,T-test
101,0.00666666666666671,8.944850219011041,ACP,T-test
102,0.13279132791327908,0.6044854533032958,SCOP,T-cal
103,0.01902173913043481,4.411844762618582,OCP,T-cal
104,0.010869565217391353,10.995540737600493,ACP,T-cal
105,0.10045961917268553,2.312248789744441,SCOP,T-pos
106,0.05781865965834432,4.411844762618582,OCP,T-pos
107,0.042049934296977676,5.233631793053831,ACP,T-pos
108,0.07154742096505828,0.7990791144622075,SCOP,T-test
109,0.018333333333333313,4.558893043299294,OCP,T-test
110,0.013333333333333308,8.829547123229958,ACP,T-test
111,0.04790419161676651,0.8878294785804955,SCOP,T-cal
112,0.012048192771084376,4.558893043299294,OCP,T-cal
113,0.0060240963855421326,12.990892663001413,ACP,T-cal
114,0.09372693726937265,2.2405876649487437,SCOP,T-pos
115,0.03249630723781394,4.558893043299294,OCP,T-pos
116,0.025110782865583436,5.569046349306675,ACP,T-pos
117,0.08652246256239604,1.574786453453657,SCOP,T-test
118,0.025000000000000022,4.360629970331766,OCP,T-test
119,0.010000000000000009,8.151007911236984,ACP,T-test
120,0.09398496240601506,1.5212795269405648,SCOP,T-cal
121,0.016949152542372836,4.360629970331766,OCP,T-cal
122,0.005649717514124242,8.605643429799263,ACP,T-cal
123,0.09352037408149627,2.5538588682363286,SCOP,T-pos
124,0.05213903743315507,4.360629970331766,OCP,T-pos
125,0.046791443850267345,5.112616297412202,ACP,T-pos
126,0.08818635607321135,0.9504981008402899,SCOP,T-test
127,0.021666666666666612,4.576069215946533,OCP,T-test
128,0.010000000000000009,8.115715976899587,ACP,T-test
129,0.0742049469964664,0.9885985173763996,SCOP,T-cal
130,0.007092198581560294,4.576069215946533,OCP,T-cal
131,0.0,11.04798833982814,ACP,T-cal
132,0.09024064171122992,2.973346836324087,SCOP,T-pos
133,0.04280936454849493,4.576069215946533,OCP,T-pos
134,0.03678929765886285,5.233118023426221,ACP,T-pos
135,0.11314475873544094,0.7555462370846735,SCOP,T-test
136,0.020000000000000018,4.62532105903966,OCP,T-test
137,0.013333333333333308,8.08491127522706,ACP,T-test
138,0.10666666666666669,0.8657615836614261,SCOP,T-cal
139,0.0267857142857143,4.62532105903966,OCP,T-cal
140,0.013392857142857095,10.919014254444253,ACP,T-cal
141,0.10031678986272441,4.233653480285392,SCOP,T-pos
142,0.07395668251452725,4.62532105903966,OCP,T-pos
143,0.07131537242472263,4.744663119574163,ACP,T-pos
144,0.10815307820299502,0.46372657162601666,SCOP,T-test
145,0.015000000000000013,4.868074702983039,OCP,T-test
146,0.0033333333333332993,8.456347327420996,ACP,T-test
147,0.0876712328767123,0.48393722186419585,SCOP,T-cal
148,0.0,4.868074702983039,OCP,T-cal
149,0.0,10.500704897038855,ACP,T-cal
150,0.1094527363184079,0.46355861267686704,SCOP,T-pos
151,0.014950166112956853,4.868074702983039,OCP,T-pos
152,0.0033222591362126463,8.442152059878593,ACP,T-pos
153,0.10648918469217972,0.7067583492523452,SCOP,T-test
154,0.020000000000000018,4.601931232055977,OCP,T-test
155,0.010000000000000009,8.095848076707968,ACP,T-test
156,0.11550151975683887,0.7599740964707705,SCOP,T-cal
157,0.018292682926829285,4.601931232055977,OCP,T-cal
158,0.0060975609756097615,10.071979285886433,ACP,T-cal
159,0.08688245315161836,1.435235574091509,SCOP,T-pos
160,0.03154305200341001,4.601931232055977,OCP,T-pos
161,0.022165387894288124,5.847851014430289,ACP,T-pos
162,0.1031613976705491,1.1891154383867462,SCOP,T-test
163,0.023333333333333317,4.574345233651128,OCP,T-test
164,0.011666666666666714,8.488612328705942,ACP,T-test
165,0.09006928406466508,1.2434751870949146,SCOP,T-cal
166,0.01851851851851849,4.574345233651128,OCP,T-cal
167,0.0092592592592593,9.978934851847562,ACP,T-cal
168,0.10506260206859008,3.9541782771780043,SCOP,T-pos
169,0.07352941176470584,4.574345233651128,OCP,T-pos
170,0.06644880174291934,4.752857796250834,ACP,T-pos
171,0.09816971713810319,0.9538736259320425,SCOP,T-test
172,0.023333333333333317,4.692542392511938,OCP,T-test
173,0.015000000000000013,8.54993100876336,ACP,T-test
174,0.06344410876132933,1.138578414001457,SCOP,T-cal
175,0.015151515151515138,4.692542392511938,OCP,T-cal
176,0.00303030303030305,10.649134966846427,ACP,T-cal
177,0.10506085842408708,3.031060130925871,SCOP,T-pos
178,0.0525641025641026,4.692542392511938,OCP,T-pos
179,0.04679487179487174,5.159652331502289,ACP,T-pos
180,0.10981697171381033,1.2039747097630005,SCOP,T-test
181,0.015000000000000013,4.610950633164004,OCP,T-test
182,0.00666666666666671,9.042327086295252,ACP,T-test
183,0.10624999999999996,1.2601830009608963,SCOP,T-cal
184,0.014613778705636737,4.610950633164004,OCP,T-cal
185,0.006263048016701411,10.1437813755573,ACP,T-cal
186,0.08088235294117652,2.1873834496169056,SCOP,T-pos
187,0.038263428991905823,4.610950633164004,OCP,T-pos
188,0.030169242089771897,5.587856302153112,ACP,T-pos
189,0.10482529118136441,1.3801594205419772,SCOP,T-test
190,0.02833333333333332,4.545059442434532,OCP,T-test
191,0.020000000000000018,8.135452022201562,ACP,T-test
192,0.1030927835051546,1.43000344305145,SCOP,T-cal
193,0.022727272727272707,4.545059442434532,OCP,T-cal
194,0.012396694214875992,8.847957138278426,ACP,T-cal
195,0.10867346938775513,4.3309346400021616,SCOP,T-pos
196,0.10362429811128127,4.545059442434532,OCP,T-pos
197,0.10056151097498722,4.6136997925602,ACP,T-pos
198,0.10815307820299502,0.703684417636441,SCOP,T-test
199,0.023333333333333317,4.434927189878746,OCP,T-test
200,0.010000000000000009,8.333792775434816,ACP,T-test
201,0.07253886010362698,0.9059862575716952,SCOP,T-cal
202,0.01041666666666663,4.434927189878746,OCP,T-cal
203,0.00520833333333337,12.432663280412704,ACP,T-cal
204,0.10526315789473684,0.7375119223503659,SCOP,T-pos
205,0.0234375,4.434927189878746,OCP,T-pos
206,0.009765625,8.812663162522139,ACP,T-pos
207,0.08818635607321135,0.5462036058325085,SCOP,T-test
208,0.01666666666666672,4.417499571313572,OCP,T-test
209,0.00666666666666671,7.577410729101745,ACP,T-test
210,0.08720930232558144,0.429345741456929,SCOP,T-cal
211,0.0,4.417499571313572,OCP,T-cal
212,0.0,12.04213982776444,ACP,T-cal
213,0.09999999999999998,0.6651608506289338,SCOP,T-pos
214,0.021156558533145242,4.417499571313572,OCP,T-pos
215,0.012693935119887145,7.240284276234716,ACP,T-pos
216,0.08985024958402665,0.761060643879047,SCOP,T-test
217,0.01666666666666672,4.542697199428876,OCP,T-test
218,0.008333333333333304,8.263803228903306,ACP,T-test
219,0.0972972972972973,0.9822240219194865,SCOP,T-cal
220,0.016304347826086918,4.542697199428876,OCP,T-cal
221,0.010869565217391353,12.351858636161618,ACP,T-cal
222,0.08292682926829265,0.7649334699499387,SCOP,T-pos
223,0.01791530944625408,4.542697199428876,OCP,T-pos
224,0.009771986970684043,8.169284044864403,ACP,T-pos
225,0.1014975041597338,1.326776572115793,SCOP,T-test
226,0.020000000000000018,4.708482806389468,OCP,T-test
227,0.015000000000000013,7.631853380719303,ACP,T-test
228,0.10359408033826634,1.353548154059032,SCOP,T-cal
229,0.01906779661016944,4.708482806389468,OCP,T-cal
230,0.008474576271186418,8.44893711116943,ACP,T-cal
231,0.08677685950413228,2.693365691947649,SCOP,T-pos
232,0.03376981392143352,4.708482806389468,OCP,T-pos
233,0.0289455547898001,5.393342663879962,ACP,T-pos
234,0.08652246256239604,0.9020736698931449,SCOP,T-test
235,0.013333333333333308,4.649011408934752,OCP,T-test
236,0.008333333333333304,8.253258839321283,ACP,T-test
237,0.1271186440677966,0.5143863525638702,SCOP,T-cal
238,0.0,4.649011408934752,OCP,T-cal
239,0.0,13.939331135910605,ACP,T-cal
240,0.09523809523809523,2.1986298373213145,SCOP,T-pos
241,0.03125,4.649011408934752,OCP,T-pos
242,0.021874999999999978,5.843440150995824,ACP,T-pos
243,0.1281198003327787,0.5324482427441594,SCOP,T-test
244,0.013333333333333308,4.259636223844809,OCP,T-test
245,0.00666666666666671,7.671228733345724,ACP,T-test
246,0.09375,0.2611053215096565,SCOP,T-cal
247,0.0,4.259636223844809,OCP,T-cal
248,0.0,17.61392500047999,ACP,T-cal
249,0.11855670103092786,0.5229881518553557,SCOP,T-pos
250,0.013769363166953541,4.259636223844809,OCP,T-pos
251,0.005163511187607606,7.995461473656832,ACP,T-pos
252,0.09317803660565727,1.0348217383444696,SCOP,T-test
253,0.013333333333333308,4.731626252303649,OCP,T-test
254,0.008333333333333304,8.361988257061592,ACP,T-test
255,0.06440677966101693,1.2024213191004436,SCOP,T-cal
256,0.003401360544217691,4.731626252303649,OCP,T-cal
257,0.0,10.921002929113227,ACP,T-cal
258,0.10622710622710618,4.406112271324433,SCOP,T-pos
259,0.08743455497382202,4.731626252303649,OCP,T-pos
260,0.0842931937172775,4.792944108744238,ACP,T-pos
261,0.10482529118136441,1.1599550313108247,SCOP,T-test
262,0.026666666666666616,4.672339979292355,OCP,T-test
263,0.015000000000000013,8.503733748385931,ACP,T-test
264,0.1062124248496994,1.169148028388453,SCOP,T-cal
265,0.01807228915662651,4.672339979292355,OCP,T-cal
266,0.012048192771084376,9.199682065618438,ACP,T-cal
267,0.10585305105853049,1.1509681961912397,SCOP,T-pos
268,0.027431421446383997,4.672339979292355,OCP,T-pos
269,0.013715710723191998,7.499706370690822,ACP,T-pos
270,0.11480865224625625,0.9728197142173611,SCOP,T-test
271,0.021666666666666612,4.445818058633043,OCP,T-test
272,0.011666666666666714,7.9531551506449905,ACP,T-test
273,0.06172839506172845,0.6084034815222649,SCOP,T-cal
274,0.012499999999999956,4.445818058633043,OCP,T-cal
275,0.012499999999999956,13.078777127464027,ACP,T-cal
276,0.11447811447811451,0.5228354238056915,SCOP,T-pos
277,0.030405405405405372,4.445818058633043,OCP,T-pos
278,0.006756756756756799,10.930728909031455,ACP,T-pos
279,0.08652246256239604,0.7766759098662263,SCOP,T-test
280,0.02833333333333332,4.65130324091763,OCP,T-test
281,0.020000000000000018,7.607160231061376,ACP,T-test
282,0.10497237569060769,0.9110044928619551,SCOP,T-cal
283,0.022222222222222254,4.65130324091763,OCP,T-cal
284,0.01666666666666672,12.101784195316585,ACP,T-cal
285,0.08366533864541836,0.7563705832716061,SCOP,T-pos
286,0.02594810379241519,4.65130324091763,OCP,T-pos
287,0.015968063872255467,8.459944892036306,ACP,T-pos
288,0.10482529118136441,0.8595097144955565,SCOP,T-test
289,0.02833333333333332,4.403047382643803,OCP,T-test
290,0.015000000000000013,8.011833585383588,ACP,T-test
291,0.09999999999999998,0.9754491941074726,SCOP,T-cal
292,0.008032128514056214,4.403047382643803,OCP,T-cal
293,0.004016064257028162,11.093822895255792,ACP,T-cal
294,0.12065698041692985,2.9914864846661917,SCOP,T-pos
295,0.05689001264222504,4.403047382643803,OCP,T-pos
296,0.050568900126422234,4.928034747833754,ACP,T-pos
297,0.13643926788685523,0.8442001757958444,SCOP,T-test
298,0.030000000000000027,4.518265277643774,OCP,T-test
299,0.021666666666666612,8.241782048664692,ACP,T-test
300,0.08695652173913049,0.8133749567523795,SCOP,T-cal
301,0.014705882352941124,4.518265277643774,OCP,T-cal
302,0.0,13.926548397574146,ACP,T-cal
303,0.10456553755522824,2.133674043148353,SCOP,T-pos
304,0.03905674281503313,4.518265277643774,OCP,T-pos
305,0.029476787030213725,5.344146105951236,ACP,T-pos
306,0.11480865224625625,1.9142564821955106,SCOP,T-test
307,0.04166666666666663,4.38539406540457,OCP,T-test
308,0.015000000000000013,7.974167457094352,ACP,T-test
309,0.11631663974151862,1.9189689398989607,SCOP,T-cal
310,0.04045307443365698,4.38539406540457,OCP,T-cal
311,0.014563106796116498,7.814175679649056,ACP,T-cal
312,0.11712511091393074,1.8799564981346741,SCOP,T-pos
313,0.047957371225577305,4.38539406540457,OCP,T-pos
314,0.03285968028419184,5.6297443924666855,ACP,T-pos
315,0.07321131447587359,0.8170115561305822,SCOP,T-test
316,0.018333333333333313,4.527105266352273,OCP,T-test
317,0.010000000000000009,8.201990922193337,ACP,T-test
318,0.09333333333333338,0.5202953152854147,SCOP,T-cal
319,0.01342281879194629,4.527105266352273,OCP,T-cal
320,0.0,13.106534622532438,ACP,T-cal
321,0.08833922261484095,2.450657661975063,SCOP,T-pos
322,0.034653465346534684,4.527105266352273,OCP,T-pos
323,0.026166902404526127,5.320038841219523,ACP,T-pos
324,0.08319467554076543,0.8278559910091384,SCOP,T-test
325,0.015000000000000013,4.566208662620377,OCP,T-test
326,0.008333333333333304,8.163262259488306,ACP,T-test
327,0.0874125874125874,0.92981465521104,SCOP,T-cal
328,0.010526315789473717,4.566208662620377,OCP,T-cal
329,0.0035087719298245723,11.517244039370857,ACP,T-cal
330,0.0993788819875776,0.790971702429482,SCOP,T-pos
331,0.018662519440124425,4.566208662620377,OCP,T-pos
332,0.01244167962674958,7.9053666347343965,ACP,T-pos
333,0.10482529118136441,1.5888823847198161,SCOP,T-test
334,0.025000000000000022,4.4036078756052,OCP,T-test
335,0.0050000000000000044,8.421183464233357,ACP,T-test
336,0.10118043844856661,1.590207794248664,SCOP,T-cal
337,0.02195945945945943,4.4036078756052,OCP,T-cal
338,0.0050675675675675436,8.49995506998199,ACP,T-cal
339,0.11743450767841013,1.5921538059909042,SCOP,T-pos
340,0.04611211573236895,4.4036078756052,OCP,T-pos
341,0.02622061482820981,6.257381922353014,ACP,T-pos
342,0.0765391014975042,0.7075024614248933,SCOP,T-test
343,0.030000000000000027,4.563200239686196,OCP,T-test
344,0.018333333333333313,7.928905161324737,ACP,T-test
345,0.05591397849462365,0.7094384318389458,SCOP,T-cal
346,0.010775862068965525,4.563200239686196,OCP,T-cal
347,0.004310344827586188,9.06452969081399,ACP,T-cal
348,0.09934171154997007,3.557339046676997,SCOP,T-pos
349,0.04970059880239519,4.563200239686196,OCP,T-pos
350,0.04071856287425146,5.045322986618498,ACP,T-pos
351,0.1014975041597338,0.9296065226098299,SCOP,T-test
352,0.030000000000000027,4.501115016255695,OCP,T-test
353,0.013333333333333308,8.260067194397308,ACP,T-test
354,0.08498583569405094,0.9945869841928974,SCOP,T-cal
355,0.02840909090909094,4.501115016255695,OCP,T-cal
356,0.005681818181818232,10.665942431510786,ACP,T-cal
357,0.10019267822736033,0.9228194665733065,SCOP,T-pos
358,0.030888030888030937,4.501115016255695,OCP,T-pos
359,0.01158301158301156,8.741492869979998,ACP,T-pos
360,0.09317803660565727,0.9021366531480773,SCOP,T-test
361,0.023333333333333317,4.697873599218411,OCP,T-test
362,0.010000000000000009,8.76194946584571,ACP,T-test
363,0.0931506849315068,0.9325711461975925,SCOP,T-cal
364,0.02197802197802201,4.697873599218411,OCP,T-cal
365,0.008241758241758212,10.730499176178835,ACP,T-cal
366,0.09974259974259969,2.5128188919265466,SCOP,T-pos
367,0.05730843528654217,4.697873599218411,OCP,T-pos
368,0.04700579523502901,5.427834516222441,ACP,T-pos
369,0.12146422628951747,0.86015489115565,SCOP,T-test
370,0.01666666666666672,4.82178322330146,OCP,T-test
371,0.008333333333333304,8.594244226113869,ACP,T-test
372,0.15298507462686572,0.9489785535856639,SCOP,T-cal
373,0.014981273408239737,4.82178322330146,OCP,T-cal
374,0.0074906367041198685,12.208487404637475,ACP,T-cal
375,0.1061452513966481,1.326086484239754,SCOP,T-pos
376,0.02236719478098792,4.82178322330146,OCP,T-pos
377,0.012115563839701804,6.41775040677189,ACP,T-pos
378,0.09151414309484196,1.2770609481262016,SCOP,T-test
379,0.02833333333333332,4.378638137612319,OCP,T-test
380,0.013333333333333308,7.613171211627732,ACP,T-test
381,0.09337349397590367,1.4730043423308055,SCOP,T-cal
382,0.012084592145015116,4.378638137612319,OCP,T-cal
383,0.0,9.884008354802184,ACP,T-cal
384,0.10687960687960685,3.1089524991898925,SCOP,T-pos
385,0.062077443146896116,4.378638137612319,OCP,T-pos
386,0.053472649047326404,4.776322970326934,ACP,T-pos
387,0.11647254575707155,1.0900765993705068,SCOP,T-test
388,0.03166666666666662,4.712567052282871,OCP,T-test
389,0.011666666666666714,8.673988164260939,ACP,T-test
390,0.10513447432762835,1.1906237904110963,SCOP,T-cal
391,0.02941176470588236,4.712567052282871,OCP,T-cal
392,0.009803921568627416,10.036694373965794,ACP,T-cal
393,0.08509189925119132,2.5875002227507014,SCOP,T-pos
394,0.04155313351498635,4.712567052282871,OCP,T-pos
395,0.027929155313351495,5.6242307366393876,ACP,T-pos
396,0.09983361064891849,0.7414773436645764,SCOP,T-test
397,0.03166666666666662,4.3763886918025054,OCP,T-test
398,0.01666666666666672,7.839787535529653,ACP,T-test
399,0.11247443762781184,0.7653124355282273,SCOP,T-cal
400,0.0348360655737705,4.3763886918025054,OCP,T-cal
401,0.018442622950819665,8.353739659709913,ACP,T-cal
402,0.1141141141141141,1.693246130366309,SCOP,T-pos
403,0.054845980465815125,4.3763886918025054,OCP,T-pos
404,0.0465815176558978,5.347204884554785,ACP,T-pos
405,0.08319467554076543,0.8555166804590725,SCOP,T-test
406,0.020000000000000018,4.404967990483931,OCP,T-test
407,0.011666666666666714,8.099917399040073,ACP,T-test
408,0.05524861878453036,0.90750071418089,SCOP,T-cal
409,0.005540166204986097,4.404967990483931,OCP,T-cal
410,0.005540166204986097,10.073138468271972,ACP,T-cal
411,0.1097804391217565,2.37660171560818,SCOP,T-pos
412,0.05525965379494013,4.404967990483931,OCP,T-pos
413,0.04127829560585883,5.25543958466015,ACP,T-pos
414,0.08652246256239604,1.5158442644945989,SCOP,T-test
415,0.036666666666666625,4.580585613116002,OCP,T-test
416,0.018333333333333313,8.363288237568257,ACP,T-test
417,0.08915304606240715,1.5193928070428762,SCOP,T-cal
418,0.03720238095238093,4.580585613116002,OCP,T-cal
419,0.02083333333333337,7.898023922180085,ACP,T-cal
420,0.10487444608567209,1.7121660561953636,SCOP,T-pos
421,0.049519586104951996,4.580585613116002,OCP,T-pos
422,0.031781226903178084,5.661603644383655,ACP,T-pos
423,0.11647254575707155,0.7428860663808398,SCOP,T-test
424,0.011666666666666714,4.88287469290559,OCP,T-test
425,0.0050000000000000044,8.523226966232428,ACP,T-test
426,0.09742647058823528,0.7840435286694124,SCOP,T-cal
427,0.009208103130755041,4.88287469290559,OCP,T-cal
428,0.0036832412523020164,8.71592561282254,ACP,T-cal
429,0.09855072463768111,0.8427940433964445,SCOP,T-pos
430,0.025145067698259194,4.88287469290559,OCP,T-pos
431,0.012572533849129597,6.940983210140216,ACP,T-pos
432,0.11314475873544094,1.3945151984303283,SCOP,T-test
433,0.033333333333333326,4.621822978107176,OCP,T-test
434,0.01666666666666672,7.651806709121238,ACP,T-test
435,0.1143451143451143,1.3598179072634695,SCOP,T-cal
436,0.027083333333333348,4.621822978107176,OCP,T-cal
437,0.01041666666666663,8.367551754701886,ACP,T-cal
438,0.09622411693057242,3.34742088953617,SCOP,T-pos
439,0.05728214503351614,4.621822978107176,OCP,T-pos
440,0.0481413772090189,5.143628206540102,ACP,T-pos
441,0.09317803660565727,0.5566871841015288,SCOP,T-test
442,0.018333333333333313,4.433915251907914,OCP,T-test
443,0.008333333333333304,8.075761944363585,ACP,T-test
444,0.07222222222222219,0.599802691052837,SCOP,T-cal
445,0.0,4.433915251907914,OCP,T-cal
446,0.0,12.725987481892844,ACP,T-cal
447,0.091796875,0.512686679723379,SCOP,T-pos
448,0.009784735812133127,4.433915251907914,OCP,T-pos
449,0.003913894324853229,8.774273759704611,ACP,T-pos
450,0.10482529118136441,0.7460302577913345,SCOP,T-test
451,0.015000000000000013,4.436129504938696,OCP,T-test
452,0.010000000000000009,7.197588728912442,ACP,T-test
453,0.11731843575418999,0.7665755292799917,SCOP,T-cal
454,0.005617977528089901,4.436129504938696,OCP,T-cal
455,0.005617977528089901,11.34326672430791,ACP,T-cal
456,0.10273972602739723,1.49445156052013,SCOP,T-pos
457,0.025465230166503483,4.436129504938696,OCP,T-pos
458,0.014691478942213565,5.865085799299619,ACP,T-pos
459,0.10648918469217972,1.1433932797155653,SCOP,T-test
460,0.02833333333333332,4.346887376672893,OCP,T-test
461,0.010000000000000009,8.611769629141426,ACP,T-test
462,0.08780487804878045,1.2138256743000997,SCOP,T-cal
463,0.012224938875305624,4.346887376672893,OCP,T-cal
464,0.009779951100244544,10.376833715312806,ACP,T-cal
465,0.09957325746799428,1.1482969412131903,SCOP,T-pos
466,0.02991452991452992,4.346887376672893,OCP,T-pos
467,0.009971509971509973,8.1211442768847,ACP,T-pos
468,0.09317803660565727,1.3148408603280108,SCOP,T-test
469,0.021666666666666612,4.786076296768594,OCP,T-test
470,0.010000000000000009,8.58599924312447,ACP,T-test
471,0.10122358175750834,1.3169039118520338,SCOP,T-cal
472,0.03563474387527843,4.786076296768594,OCP,T-cal
473,0.015590200445434244,7.384566930635052,ACP,T-cal
474,0.10570824524312894,1.3117729363980442,SCOP,T-pos
475,0.03809523809523807,4.786076296768594,OCP,T-pos
476,0.017989417989418,7.2034293975135535,ACP,T-pos
477,0.1014975041597338,1.513936083799687,SCOP,T-test
478,0.021666666666666612,4.566131631803076,OCP,T-test
479,0.010000000000000009,7.838648378577475,ACP,T-test
480,0.1018675721561969,1.5062669283591072,SCOP,T-cal
481,0.020408163265306145,4.566131631803076,OCP,T-cal
482,0.008503401360544172,7.903632582334311,ACP,T-cal
483,0.10194902548725637,1.5169993937919666,SCOP,T-pos
484,0.027027027027026973,4.566131631803076,OCP,T-pos
485,0.01501501501501501,7.60715442597359,ACP,T-pos
486,0.08985024958402665,1.3073221825182155,SCOP,T-test
487,0.018333333333333313,4.458708043895184,OCP,T-test
488,0.013333333333333308,7.956948101276771,ACP,T-test
489,0.06896551724137934,0.3842813766675335,SCOP,T-cal
490,0.0357142857142857,4.458708043895184,OCP,T-cal
491,0.0,17.190076332195872,ACP,T-cal
492,0.09195402298850575,1.721761361656832,SCOP,T-pos
493,0.021864211737629424,4.458708043895184,OCP,T-pos
494,0.017261219792865323,6.457533249501274,ACP,T-pos
495,0.12479201331114809,1.2951836768342293,SCOP,T-test
496,0.013333333333333308,4.807731754084206,OCP,T-test
497,0.00666666666666671,8.337984504671946,ACP,T-test
498,0.0,0.6572290825746132,SCOP,T-cal
499,0.0,4.807731754084206,OCP,T-cal
500,0.0,16.953079388415404,ACP,T-cal
501,0.10564663023679421,1.244564101319351,SCOP,T-pos
502,0.012773722627737238,4.807731754084206,OCP,T-pos
503,0.007299270072992692,8.952305712055509,ACP,T-pos
504,0.09816971713810319,0.8537101039574907,SCOP,T-test
505,0.018333333333333313,4.584621778641341,OCP,T-test
506,0.011666666666666714,8.291249693916903,ACP,T-test
507,0.07638888888888884,1.0087640589385163,SCOP,T-cal
508,0.017421602787456414,4.584621778641341,OCP,T-cal
509,0.010452961672473893,11.276627492931096,ACP,T-cal
510,0.09170305676855894,1.5127498175271268,SCOP,T-pos
511,0.029720279720279685,4.584621778641341,OCP,T-pos
512,0.0174825174825175,5.832507623941485,ACP,T-pos
513,0.07986688851913482,1.0164563617601963,SCOP,T-test
514,0.023333333333333317,4.555563139731036,OCP,T-test
515,0.00666666666666671,8.783840639970762,ACP,T-test
516,0.07801418439716312,1.0803091058258818,SCOP,T-cal
517,0.007117437722419906,4.555563139731036,OCP,T-cal
518,0.0,11.83099223314996,ACP,T-cal
519,0.06872370266479666,1.1621616592102468,SCOP,T-pos
520,0.021067415730337102,4.555563139731036,OCP,T-pos
521,0.005617977528089901,8.056244722961186,ACP,T-pos
522,0.11813643926788686,1.5928696346614002,SCOP,T-test
523,0.030000000000000027,4.500337930522381,OCP,T-test
524,0.013333333333333308,7.955492266400572,ACP,T-test
525,0.12121212121212122,1.6517508635469,SCOP,T-cal
526,0.030360531309297945,4.500337930522381,OCP,T-cal
527,0.011385199240986688,8.23261287460229,ACP,T-cal
528,0.10070108349267048,2.9638026811516895,SCOP,T-pos
529,0.056122448979591844,4.500337930522381,OCP,T-pos
530,0.04655612244897955,5.098200718547099,ACP,T-pos
531,0.08485856905158073,1.3980997760869573,SCOP,T-test
532,0.015000000000000013,4.763218859655711,OCP,T-test
533,0.0033333333333332993,8.941516162934636,ACP,T-test
534,0.0888208269525268,1.3893250774902302,SCOP,T-cal
535,0.015337423312883458,4.763218859655711,OCP,T-cal
536,0.0030674846625766694,8.610340165938394,ACP,T-cal
537,0.09703504043126687,2.373855882944164,SCOP,T-pos
538,0.052596089008766,4.763218859655711,OCP,T-pos
539,0.039109912339851616,5.523056057845763,ACP,T-pos
540,0.07986688851913482,0.8087706018936577,SCOP,T-test
541,0.013333333333333308,4.43832306922626,OCP,T-test
542,0.008333333333333304,7.602505686945022,ACP,T-test
543,0.07539682539682535,0.9925944655216076,SCOP,T-cal
544,0.003984063745019917,4.43832306922626,OCP,T-cal
545,0.003984063745019917,10.361898462727432,ACP,T-cal
546,0.07526881720430112,0.8188423448046103,SCOP,T-pos
547,0.012567324955116699,4.43832306922626,OCP,T-pos
548,0.0053859964093356805,7.72375133235123,ACP,T-pos
549,0.08319467554076543,1.4483415958112196,SCOP,T-test
550,0.02833333333333332,4.428241966498405,OCP,T-test
551,0.01666666666666672,7.992617549849851,ACP,T-test
552,0.05543710021321957,1.6578829816614864,SCOP,T-cal
553,0.02564102564102566,4.428241966498405,OCP,T-cal
554,0.014957264957264904,8.46649062374131,ACP,T-cal
555,0.08401400233372225,1.410897600623915,SCOP,T-pos
556,0.031542056074766345,4.428241966498405,OCP,T-pos
557,0.0210280373831776,6.493676287626569,ACP,T-pos
558,0.10981697171381033,1.0112292147031232,SCOP,T-test
559,0.02833333333333332,4.415453962884671,OCP,T-test
560,0.013333333333333308,8.39918689852237,ACP,T-test
561,0.11970534069981587,0.987806177986055,SCOP,T-cal
562,0.02583025830258301,4.415453962884671,OCP,T-cal
563,0.01291512915129156,8.577313638028738,ACP,T-cal
564,0.11866028708133969,0.9892820789899611,SCOP,T-pos
565,0.036398467432950166,4.415453962884671,OCP,T-pos
566,0.01819923371647514,6.597654873778758,ACP,T-pos
567,0.14309484193011646,0.8828300013867082,SCOP,T-test
568,0.025000000000000022,4.699249157407442,OCP,T-test
569,0.011666666666666714,8.543979066661148,ACP,T-test
570,0.14835164835164838,0.9644193996866242,SCOP,T-cal
571,0.016528925619834656,4.699249157407442,OCP,T-cal
572,0.0055096418732781816,10.687533209024194,ACP,T-cal
573,0.0933403251179864,4.250551944389887,SCOP,T-pos
574,0.07660020986358862,4.699249157407442,OCP,T-pos
575,0.07240293809024134,4.835592648859593,ACP,T-pos
576,0.1014975041597338,0.6489223987696863,SCOP,T-test
577,0.015000000000000013,4.7495462720590576,OCP,T-test
578,0.0016666666666667052,8.554938751959169,ACP,T-test
579,0.09239130434782605,0.7015914290265222,SCOP,T-cal
580,0.005464480874316946,4.7495462720590576,OCP,T-cal
581,0.0,12.171515300743398,ACP,T-cal
582,0.09166666666666667,0.6632041293627381,SCOP,T-pos
583,0.008368200836820106,4.7495462720590576,OCP,T-pos
584,0.0,11.908478731865834,ACP,T-pos
585,0.08153078202995012,1.2457722558095392,SCOP,T-test
586,0.021666666666666612,4.35329929456849,OCP,T-test
587,0.00666666666666671,8.486416443821955,ACP,T-test
588,0.07765151515151514,1.2583853982036937,SCOP,T-cal
589,0.018975332068311146,4.35329929456849,OCP,T-cal
590,0.005692599620493399,8.904732580602612,ACP,T-cal
591,0.07557117750439368,1.247603803875701,SCOP,T-pos
592,0.017605633802816878,4.35329929456849,OCP,T-pos
593,0.005281690140845119,8.5952054552245,ACP,T-pos
594,0.129783693843594,1.135852631692822,SCOP,T-test
595,0.023333333333333317,4.444521916823015,OCP,T-test
596,0.013333333333333308,8.318725790437405,ACP,T-test
597,0.13054830287206265,1.202653489175376,SCOP,T-cal
598,0.020942408376963373,4.444521916823015,OCP,T-cal
599,0.010471204188481686,10.152856381351766,ACP,T-cal
600,0.1269674711437565,1.1014354663128887,SCOP,T-pos
601,0.0357142857142857,4.444521916823015,OCP,T-pos
602,0.018907563025210128,6.664750217709088,ACP,T-pos
603,0.07820299500831951,0.5857870934927085,SCOP,T-test
604,0.020000000000000018,4.4888900967625975,OCP,T-test
605,0.00666666666666671,7.9531592044081645,ACP,T-test
606,0.039215686274509776,0.5451353603773448,SCOP,T-cal
607,0.006578947368421018,4.4888900967625975,OCP,T-cal
608,0.0,12.796272224474166,ACP,T-cal
609,0.11104405552202778,3.1264602401520922,SCOP,T-pos
610,0.05434782608695654,4.4888900967625975,OCP,T-pos
611,0.047705314009661826,4.924259828348729,ACP,T-pos
612,0.09650582362728788,0.9690811756142185,SCOP,T-test
613,0.01666666666666672,4.622031943603943,OCP,T-test
614,0.0033333333333332993,8.53162410240579,ACP,T-test
615,0.12812500000000004,0.9693559688383278,SCOP,T-cal
616,0.01567398119122254,4.622031943603943,OCP,T-cal
617,0.0031347962382445305,11.32160238896408,ACP,T-cal
618,0.09769335142469471,0.9678891530600382,SCOP,T-pos
619,0.01902173913043481,4.622031943603943,OCP,T-pos
620,0.006793478260869512,7.709497544336767,ACP,T-pos
621,0.08485856905158073,1.0743467252762993,SCOP,T-test
622,0.015000000000000013,4.471421157184984,OCP,T-test
623,0.00666666666666671,8.4160214049269,ACP,T-test
624,0.06490384615384615,1.2426024054341527,SCOP,T-cal
625,0.009638554216867434,4.471421157184984,OCP,T-cal
626,0.002409638554216831,10.376127487693747,ACP,T-cal
627,0.09326923076923077,1.1096682283255752,SCOP,T-pos
628,0.024061597690086645,4.471421157184984,OCP,T-pos
629,0.01443695861405192,6.431869714996034,ACP,T-pos
630,0.11480865224625625,0.814136580497129,SCOP,T-test
631,0.013333333333333308,4.518627804813207,OCP,T-test
632,0.0050000000000000044,8.035473811066892,ACP,T-test
633,0.12765957446808507,0.33250681870606447,SCOP,T-cal
634,0.0,4.518627804813207,OCP,T-cal
635,0.0,15.630231596832209,ACP,T-cal
636,0.0918888258650028,3.516252128782422,SCOP,T-pos
637,0.05107832009080593,4.518627804813207,OCP,T-pos
638,0.04824063564131664,4.751052063034443,ACP,T-pos
639,0.10981697171381033,0.8617205174195783,SCOP,T-test
640,0.02833333333333332,4.282352094275993,OCP,T-test
641,0.011666666666666714,8.05572587539628,ACP,T-test
642,0.10357142857142854,1.0069109390553532,SCOP,T-cal
643,0.021505376344086002,4.282352094275993,OCP,T-cal
644,0.010752688172043001,11.186238933510962,ACP,T-cal
645,0.12562455389007854,2.4205735246676423,SCOP,T-pos
646,0.0535714285714286,4.282352094275993,OCP,T-pos
647,0.03857142857142859,5.212696487207984,ACP,T-pos
648,0.10648918469217972,0.7117902443214332,SCOP,T-test
649,0.02833333333333332,4.567494318948525,OCP,T-test
650,0.015000000000000013,8.298580378112671,ACP,T-test
651,0.10659898477157359,0.7569252233237155,SCOP,T-cal
652,0.015306122448979553,4.567494318948525,OCP,T-cal
653,0.0,12.628314883057293,ACP,T-cal
654,0.11864406779661019,0.6313564548672109,SCOP,T-pos
655,0.027600849256900206,4.567494318948525,OCP,T-pos
656,0.014861995753715496,10.130665096590008,ACP,T-pos
657,0.0765391014975042,1.0636629495525638,SCOP,T-test
658,0.013333333333333308,4.439261882716077,OCP,T-test
659,0.0050000000000000044,7.580490019742686,ACP,T-test
660,0.6,0.019907532632485923,SCOP,T-cal
661,0.0,4.439261882716077,OCP,T-cal
662,0.0,20.502433100063985,ACP,T-cal
